2021/mct/3616/billabong-pipe-masters-presented-by-hydro-flask,round_1_heat_1,3,Kanoa Igarashi,10.30
2021/mct/3616/billabong-pipe-masters-presented-by-hydro-flask,round_1_heat_1,3,Peterson Crisanto,0.90
2021/mct/3616/billabong-pipe-masters-presented-by-hydro-flask,round_1_heat_1,3,Morgan Cibilic,5.04
2021/mct/3616/billabong-pipe-masters-presented-by-hydro-flask,round_1_heat_2,3,Kolohe Andino,6.50
2021/mct/3616/billabong-pipe-masters-presented-by-hydro-flask,round_1_heat_2,3,Yago Dora,6.90
2021/mct/3616/billabong-pipe-masters-presented-by-hydro-flask,round_1_heat_2,3,Leonardo Fioravanti,2.20
2021/mct/3616/billabong-pipe-masters-presented-by-hydro-flask,round_1_heat_3,3,Filipe Toledo,7.63
2021/mct/3616/billabong-pipe-masters-presented-by-hydro-flask,round_1_heat_3,3,Frederico Morais,7.50
2021/mct/3616/billabong-pipe-masters-presented-by-hydro-flask,round_1_heat_3,3,Mikey Wright,6.90
2021/mct/3616/billabong-pipe-masters-presented-by-hydro-flask,round_1_heat_4,3,Jordy Smith,12.00
2021/mct/3616/billabong-pipe-masters-presented-by-hydro-flask,round_1_heat_4,3,Jadson Andre,4.67
2021/mct/3616/billabong-pipe-masters-presented-by-hydro-flask,round_1_heat_4,3,Sebastian Zietz,4.50
2021/mct/3616/billabong-pipe-masters-presented-by-hydro-flask,round_1_heat_5,3,Gabriel Medina,5.60
2021/mct/3616/billabong-pipe-masters-presented-by-hydro-flask,round_1_heat_5,3,Adriano de Souza,5.57
2021/mct/3616/billabong-pipe-masters-presented-by-hydro-flask,round_1_heat_5,3,Joshua Moniz,9.10
2021/mct/3616/billabong-pipe-masters-presented-by-hydro-flask,round_1_heat_6,3,Italo Ferreira,10.53
2021/mct/3616/billabong-pipe-masters-presented-by-hydro-flask,round_1_heat_6,3,Matthew McGillivray,10.16
2021/mct/3616/billabong-pipe-masters-presented-by-hydro-flask,round_1_heat_6,3,Miguel Tudela,3.44
2021/mct/3616/billabong-pipe-masters-presented-by-hydro-flask,round_1_heat_7,3,John John Florence,14.24
2021/mct/3616/billabong-pipe-masters-presented-by-hydro-flask,round_1_heat_7,3,Conner Coffin,10.37
2021/mct/3616/billabong-pipe-masters-presented-by-hydro-flask,round_1_heat_7,3,Deivid Silva,11.20
2021/mct/3616/billabong-pipe-masters-presented-by-hydro-flask,round_1_heat_8,3,Kelly Slater,10.83
2021/mct/3616/billabong-pipe-masters-presented-by-hydro-flask,round_1_heat_8,3,Wade Carmichael,1.50
2021/mct/3616/billabong-pipe-masters-presented-by-hydro-flask,round_1_heat_8,3,Connor O'Leary,7.46
2021/mct/3616/billabong-pipe-masters-presented-by-hydro-flask,round_1_heat_9,3,Jeremy Flores,12.73
2021/mct/3616/billabong-pipe-masters-presented-by-hydro-flask,round_1_heat_9,3,Caio Ibelli,13.33
2021/mct/3616/billabong-pipe-masters-presented-by-hydro-flask,round_1_heat_9,3,Ethan Ewing,7.47
2021/mct/3616/billabong-pipe-masters-presented-by-hydro-flask,round_1_heat_10,3,Julian Wilson,3.46
2021/mct/3616/billabong-pipe-masters-presented-by-hydro-flask,round_1_heat_10,3,Griffin Colapinto,11.40
2021/mct/3616/billabong-pipe-masters-presented-by-hydro-flask,round_1_heat_10,3,Miguel Pupo,7.97
2021/mct/3616/billabong-pipe-masters-presented-by-hydro-flask,round_1_heat_11,3,Seth Moniz,10.66
2021/mct/3616/billabong-pipe-masters-presented-by-hydro-flask,round_1_heat_11,3,Jack Freestone,16.17
2021/mct/3616/billabong-pipe-masters-presented-by-hydro-flask,round_1_heat_11,3,Alex Ribeiro,5.60
2021/mct/3616/billabong-pipe-masters-presented-by-hydro-flask,round_1_heat_12,3,Michel Bourez,9.57
2021/mct/3616/billabong-pipe-masters-presented-by-hydro-flask,round_1_heat_12,3,Ryan Callinan,4.44
2021/mct/3616/billabong-pipe-masters-presented-by-hydro-flask,round_1_heat_12,3,Jack Robinson,13.83
2021/mct/3616/billabong-pipe-masters-presented-by-hydro-flask,round_2_heat_1,3,Julian Wilson,–
2021/mct/3616/billabong-pipe-masters-presented-by-hydro-flask,round_2_heat_1,3,Ethan Ewing,–
2021/mct/3616/billabong-pipe-masters-presented-by-hydro-flask,round_2_heat_1,3,Miguel Tudela,–
2021/mct/3616/billabong-pipe-masters-presented-by-hydro-flask,round_2_heat_2,3,Ryan Callinan,12.83
2021/mct/3616/billabong-pipe-masters-presented-by-hydro-flask,round_2_heat_2,3,Alex Ribeiro,1.20
2021/mct/3616/billabong-pipe-masters-presented-by-hydro-flask,round_2_heat_2,3,Sebastian Zietz,6.64
2021/mct/3616/billabong-pipe-masters-presented-by-hydro-flask,round_2_heat_3,3,Wade Carmichael,5.36
2021/mct/3616/billabong-pipe-masters-presented-by-hydro-flask,round_2_heat_3,3,Adriano de Souza,1.27
2021/mct/3616/billabong-pipe-masters-presented-by-hydro-flask,round_2_heat_3,3,Mikey Wright,9.84
2021/mct/3616/billabong-pipe-masters-presented-by-hydro-flask,round_2_heat_4,3,Conner Coffin,2.93
2021/mct/3616/billabong-pipe-masters-presented-by-hydro-flask,round_2_heat_4,3,Peterson Crisanto,4.87
2021/mct/3616/billabong-pipe-masters-presented-by-hydro-flask,round_2_heat_4,3,Leonardo Fioravanti,4.50
2021/mct/3616/billabong-pipe-masters-presented-by-hydro-flask,round_3_heat_1,2,Filipe Toledo,3.00
2021/mct/3616/billabong-pipe-masters-presented-by-hydro-flask,round_3_heat_1,2,Leonardo Fioravanti,11.00
2021/mct/3616/billabong-pipe-masters-presented-by-hydro-flask,round_3_heat_2,2,Griffin Colapinto,4.33
2021/mct/3616/billabong-pipe-masters-presented-by-hydro-flask,round_3_heat_2,2,Peterson Crisanto,9.10
2021/mct/3616/billabong-pipe-masters-presented-by-hydro-flask,round_3_heat_3,2,John John Florence,13.17
2021/mct/3616/billabong-pipe-masters-presented-by-hydro-flask,round_3_heat_3,2,Connor O'Leary,9.94
2021/mct/3616/billabong-pipe-masters-presented-by-hydro-flask,round_3_heat_4,2,Seth Moniz,9.04
2021/mct/3616/billabong-pipe-masters-presented-by-hydro-flask,round_3_heat_4,2,Matthew McGillivray,13.67
2021/mct/3616/billabong-pipe-masters-presented-by-hydro-flask,round_3_heat_5,2,Jordy Smith,9.17
2021/mct/3616/billabong-pipe-masters-presented-by-hydro-flask,round_3_heat_5,2,Mikey Wright,7.33
2021/mct/3616/billabong-pipe-masters-presented-by-hydro-flask,round_3_heat_6,2,Caio Ibelli,9.30
2021/mct/3616/billabong-pipe-masters-presented-by-hydro-flask,round_3_heat_6,2,Wade Carmichael,5.77
2021/mct/3616/billabong-pipe-masters-presented-by-hydro-flask,round_3_heat_7,2,Kelly Slater,12.80
2021/mct/3616/billabong-pipe-masters-presented-by-hydro-flask,round_3_heat_7,2,Ethan Ewing,8.60
2021/mct/3616/billabong-pipe-masters-presented-by-hydro-flask,round_3_heat_8,2,Julian Wilson,10.17
2021/mct/3616/billabong-pipe-masters-presented-by-hydro-flask,round_3_heat_8,2,Jack Robinson,17.73
2021/mct/3616/billabong-pipe-masters-presented-by-hydro-flask,round_3_heat_9,2,Italo Ferreira,10.16
2021/mct/3616/billabong-pipe-masters-presented-by-hydro-flask,round_3_heat_9,2,Sebastian Zietz,2.06
2021/mct/3616/billabong-pipe-masters-presented-by-hydro-flask,round_3_heat_10,2,Yago Dora,6.67
2021/mct/3616/billabong-pipe-masters-presented-by-hydro-flask,round_3_heat_10,2,Ryan Callinan,9.60
2021/mct/3616/billabong-pipe-masters-presented-by-hydro-flask,round_3_heat_11,2,Jeremy Flores,11.17
2021/mct/3616/billabong-pipe-masters-presented-by-hydro-flask,round_3_heat_11,2,Joshua Moniz,2.36
2021/mct/3616/billabong-pipe-masters-presented-by-hydro-flask,round_3_heat_12,2,Kolohe Andino,8.23
2021/mct/3616/billabong-pipe-masters-presented-by-hydro-flask,round_3_heat_12,2,Miguel Pupo,10.47
2021/mct/3616/billabong-pipe-masters-presented-by-hydro-flask,round_3_heat_13,2,Gabriel Medina,11.83
2021/mct/3616/billabong-pipe-masters-presented-by-hydro-flask,round_3_heat_13,2,Morgan Cibilic,6.34
2021/mct/3616/billabong-pipe-masters-presented-by-hydro-flask,round_3_heat_14,2,Jack Freestone,13.00
2021/mct/3616/billabong-pipe-masters-presented-by-hydro-flask,round_3_heat_14,2,Frederico Morais,5.23
2021/mct/3616/billabong-pipe-masters-presented-by-hydro-flask,round_3_heat_15,2,Michel Bourez,4.33
2021/mct/3616/billabong-pipe-masters-presented-by-hydro-flask,round_3_heat_15,2,Jadson Andre,9.66
2021/mct/3616/billabong-pipe-masters-presented-by-hydro-flask,round_3_heat_16,2,Kanoa Igarashi,10.00
2021/mct/3616/billabong-pipe-masters-presented-by-hydro-flask,round_3_heat_16,2,Deivid Silva,9.00
2021/mct/3616/billabong-pipe-masters-presented-by-hydro-flask,round_4_heat_1,2,Leonardo Fioravanti,10.33
2021/mct/3616/billabong-pipe-masters-presented-by-hydro-flask,round_4_heat_1,2,Peterson Crisanto,6.73
2021/mct/3616/billabong-pipe-masters-presented-by-hydro-flask,round_4_heat_2,2,John John Florence,8.50
2021/mct/3616/billabong-pipe-masters-presented-by-hydro-flask,round_4_heat_2,2,Matthew McGillivray,5.73
2021/mct/3616/billabong-pipe-masters-presented-by-hydro-flask,round_4_heat_3,2,Jordy Smith,11.67
2021/mct/3616/billabong-pipe-masters-presented-by-hydro-flask,round_4_heat_3,2,Caio Ibelli,7.43
2021/mct/3616/billabong-pipe-masters-presented-by-hydro-flask,round_4_heat_4,2,Kelly Slater,13.67
2021/mct/3616/billabong-pipe-masters-presented-by-hydro-flask,round_4_heat_4,2,Jack Robinson,11.67
2021/mct/3616/billabong-pipe-masters-presented-by-hydro-flask,round_4_heat_5,2,Italo Ferreira,13.00
2021/mct/3616/billabong-pipe-masters-presented-by-hydro-flask,round_4_heat_5,2,Ryan Callinan,5.27
2021/mct/3616/billabong-pipe-masters-presented-by-hydro-flask,round_4_heat_6,2,Jeremy Flores,8.80
2021/mct/3616/billabong-pipe-masters-presented-by-hydro-flask,round_4_heat_6,2,Miguel Pupo,4.83
2021/mct/3616/billabong-pipe-masters-presented-by-hydro-flask,round_4_heat_7,2,Gabriel Medina,11.56
2021/mct/3616/billabong-pipe-masters-presented-by-hydro-flask,round_4_heat_7,2,Jack Freestone,6.67
2021/mct/3616/billabong-pipe-masters-presented-by-hydro-flask,round_4_heat_8,2,Jadson Andre,11.54
2021/mct/3616/billabong-pipe-masters-presented-by-hydro-flask,round_4_heat_8,2,Kanoa Igarashi,12.33
2021/mct/3616/billabong-pipe-masters-presented-by-hydro-flask,round_5_heat_1,2,Leonardo Fioravanti,10.17
2021/mct/3616/billabong-pipe-masters-presented-by-hydro-flask,round_5_heat_1,2,John John Florence,17.67
2021/mct/3616/billabong-pipe-masters-presented-by-hydro-flask,round_5_heat_2,2,Jordy Smith,1.90
2021/mct/3616/billabong-pipe-masters-presented-by-hydro-flask,round_5_heat_2,2,Kelly Slater,6.23
2021/mct/3616/billabong-pipe-masters-presented-by-hydro-flask,round_5_heat_3,2,Italo Ferreira,13.34
2021/mct/3616/billabong-pipe-masters-presented-by-hydro-flask,round_5_heat_3,2,Jeremy Flores,10.53
2021/mct/3616/billabong-pipe-masters-presented-by-hydro-flask,round_5_heat_4,2,Gabriel Medina,9.13
2021/mct/3616/billabong-pipe-masters-presented-by-hydro-flask,round_5_heat_4,2,Kanoa Igarashi,7.06
2021/mct/3616/billabong-pipe-masters-presented-by-hydro-flask,round_6_heat_1,2,John John Florence,18.16
2021/mct/3616/billabong-pipe-masters-presented-by-hydro-flask,round_6_heat_1,2,Kelly Slater,0.00
2021/mct/3616/billabong-pipe-masters-presented-by-hydro-flask,round_6_heat_2,2,Italo Ferreira,8.57
2021/mct/3616/billabong-pipe-masters-presented-by-hydro-flask,round_6_heat_2,2,Gabriel Medina,12.60
2021/mct/3616/billabong-pipe-masters-presented-by-hydro-flask,round_7_heat_1,2,John John Florence,11.77
2021/mct/3616/billabong-pipe-masters-presented-by-hydro-flask,round_7_heat_1,2,Gabriel Medina,11.10
2021/mct/3857/rip-curl-newcastle-cup-presented-by-corona,round_8_heat_1,3,Kanoa Igarashi,7.20
2021/mct/3857/rip-curl-newcastle-cup-presented-by-corona,round_8_heat_1,3,Conner Coffin,4.96
2021/mct/3857/rip-curl-newcastle-cup-presented-by-corona,round_8_heat_1,3,Deivid Silva,11.10
2021/mct/3857/rip-curl-newcastle-cup-presented-by-corona,round_8_heat_2,3,Filipe Toledo,11.00
2021/mct/3857/rip-curl-newcastle-cup-presented-by-corona,round_8_heat_2,3,Jadson Andre,9.30
2021/mct/3857/rip-curl-newcastle-cup-presented-by-corona,round_8_heat_2,3,Morgan Cibilic,10.70
2021/mct/3857/rip-curl-newcastle-cup-presented-by-corona,round_8_heat_3,3,John John Florence,14.56
2021/mct/3857/rip-curl-newcastle-cup-presented-by-corona,round_8_heat_3,3,Yago Dora,12.73
2021/mct/3857/rip-curl-newcastle-cup-presented-by-corona,round_8_heat_3,3,Mikey Wright,12.00
2021/mct/3857/rip-curl-newcastle-cup-presented-by-corona,round_8_heat_4,3,Jordy Smith,11.17
2021/mct/3857/rip-curl-newcastle-cup-presented-by-corona,round_8_heat_4,3,Frederico Morais,12.27
2021/mct/3857/rip-curl-newcastle-cup-presented-by-corona,round_8_heat_4,3,Matt Banting,10.90
2021/mct/3857/rip-curl-newcastle-cup-presented-by-corona,round_8_heat_5,3,Gabriel Medina,10.27
2021/mct/3857/rip-curl-newcastle-cup-presented-by-corona,round_8_heat_5,3,Matthew McGillivray,8.16
2021/mct/3857/rip-curl-newcastle-cup-presented-by-corona,round_8_heat_5,3,Crosby Colapinto,10.74
2021/mct/3857/rip-curl-newcastle-cup-presented-by-corona,round_8_heat_6,3,Italo Ferreira,12.23
2021/mct/3857/rip-curl-newcastle-cup-presented-by-corona,round_8_heat_6,3,Jack Robinson,9.33
2021/mct/3857/rip-curl-newcastle-cup-presented-by-corona,round_8_heat_6,3,Jackson Baker,11.50
2021/mct/3857/rip-curl-newcastle-cup-presented-by-corona,round_8_heat_7,3,Jeremy Flores,11.84
2021/mct/3857/rip-curl-newcastle-cup-presented-by-corona,round_8_heat_7,3,Adrian Buchan,11.67
2021/mct/3857/rip-curl-newcastle-cup-presented-by-corona,round_8_heat_7,3,Connor O'Leary,8.53
2021/mct/3857/rip-curl-newcastle-cup-presented-by-corona,round_8_heat_8,3,Owen Wright,8.13
2021/mct/3857/rip-curl-newcastle-cup-presented-by-corona,round_8_heat_8,3,Peterson Crisanto,10.84
2021/mct/3857/rip-curl-newcastle-cup-presented-by-corona,round_8_heat_8,3,Alex Ribeiro,8.67
2021/mct/3857/rip-curl-newcastle-cup-presented-by-corona,round_8_heat_9,3,Julian Wilson,10.53
2021/mct/3857/rip-curl-newcastle-cup-presented-by-corona,round_8_heat_9,3,Wade Carmichael,10.60
2021/mct/3857/rip-curl-newcastle-cup-presented-by-corona,round_8_heat_9,3,Ethan Ewing,11.77
2021/mct/3857/rip-curl-newcastle-cup-presented-by-corona,round_8_heat_10,3,Ryan Callinan,15.26
2021/mct/3857/rip-curl-newcastle-cup-presented-by-corona,round_8_heat_10,3,Griffin Colapinto,12.50
2021/mct/3857/rip-curl-newcastle-cup-presented-by-corona,round_8_heat_10,3,Leonardo Fioravanti,8.37
2021/mct/3857/rip-curl-newcastle-cup-presented-by-corona,round_8_heat_11,3,Jack Freestone,9.40
2021/mct/3857/rip-curl-newcastle-cup-presented-by-corona,round_8_heat_11,3,Michel Bourez,7.77
2021/mct/3857/rip-curl-newcastle-cup-presented-by-corona,round_8_heat_11,3,Miguel Pupo,10.50
2021/mct/3857/rip-curl-newcastle-cup-presented-by-corona,round_8_heat_12,3,Caio Ibelli,10.54
2021/mct/3857/rip-curl-newcastle-cup-presented-by-corona,round_8_heat_12,3,Seth Moniz,8.86
2021/mct/3857/rip-curl-newcastle-cup-presented-by-corona,round_8_heat_12,3,Adriano de Souza,8.84
2021/mct/3857/rip-curl-newcastle-cup-presented-by-corona,round_9_heat_1,3,Owen Wright,13.77
2021/mct/3857/rip-curl-newcastle-cup-presented-by-corona,round_9_heat_1,3,Adriano de Souza,13.66
2021/mct/3857/rip-curl-newcastle-cup-presented-by-corona,round_9_heat_1,3,Matt Banting,11.00
2021/mct/3857/rip-curl-newcastle-cup-presented-by-corona,round_9_heat_2,3,Julian Wilson,12.80
2021/mct/3857/rip-curl-newcastle-cup-presented-by-corona,round_9_heat_2,3,Jack Robinson,10.90
2021/mct/3857/rip-curl-newcastle-cup-presented-by-corona,round_9_heat_2,3,Mikey Wright,8.67
2021/mct/3857/rip-curl-newcastle-cup-presented-by-corona,round_9_heat_3,3,Michel Bourez,13.34
2021/mct/3857/rip-curl-newcastle-cup-presented-by-corona,round_9_heat_3,3,Matthew McGillivray,8.43
2021/mct/3857/rip-curl-newcastle-cup-presented-by-corona,round_9_heat_3,3,Connor O'Leary,11.33
2021/mct/3857/rip-curl-newcastle-cup-presented-by-corona,round_9_heat_4,3,Conner Coffin,12.33
2021/mct/3857/rip-curl-newcastle-cup-presented-by-corona,round_9_heat_4,3,Jadson Andre,9.40
2021/mct/3857/rip-curl-newcastle-cup-presented-by-corona,round_9_heat_4,3,Leonardo Fioravanti,15.67
2021/mct/3857/rip-curl-newcastle-cup-presented-by-corona,round_10_heat_1,2,Gabriel Medina,12.16
2021/mct/3857/rip-curl-newcastle-cup-presented-by-corona,round_10_heat_1,2,Connor O'Leary,9.60
2021/mct/3857/rip-curl-newcastle-cup-presented-by-corona,round_10_heat_2,2,Frederico Morais,12.10
2021/mct/3857/rip-curl-newcastle-cup-presented-by-corona,round_10_heat_2,2,Adrian Buchan,11.20
2021/mct/3857/rip-curl-newcastle-cup-presented-by-corona,round_10_heat_3,2,Jeremy Flores,7.40
2021/mct/3857/rip-curl-newcastle-cup-presented-by-corona,round_10_heat_3,2,Adriano de Souza,10.93
2021/mct/3857/rip-curl-newcastle-cup-presented-by-corona,round_10_heat_4,2,Julian Wilson,11.67
2021/mct/3857/rip-curl-newcastle-cup-presented-by-corona,round_10_heat_4,2,Jack Robinson,4.00
2021/mct/3857/rip-curl-newcastle-cup-presented-by-corona,round_10_heat_5,2,John John Florence,13.16
2021/mct/3857/rip-curl-newcastle-cup-presented-by-corona,round_10_heat_5,2,Morgan Cibilic,17.13
2021/mct/3857/rip-curl-newcastle-cup-presented-by-corona,round_10_heat_6,2,Seth Moniz,11.67
2021/mct/3857/rip-curl-newcastle-cup-presented-by-corona,round_10_heat_6,2,Wade Carmichael,12.17
2021/mct/3857/rip-curl-newcastle-cup-presented-by-corona,round_10_heat_7,2,Ryan Callinan,11.40
2021/mct/3857/rip-curl-newcastle-cup-presented-by-corona,round_10_heat_7,2,Crosby Colapinto,11.06
2021/mct/3857/rip-curl-newcastle-cup-presented-by-corona,round_10_heat_8,2,Owen Wright,9.60
2021/mct/3857/rip-curl-newcastle-cup-presented-by-corona,round_10_heat_8,2,Miguel Pupo,9.00
2021/mct/3857/rip-curl-newcastle-cup-presented-by-corona,round_10_heat_9,2,Italo Ferreira,12.80
2021/mct/3857/rip-curl-newcastle-cup-presented-by-corona,round_10_heat_9,2,Jackson Baker,11.20
2021/mct/3857/rip-curl-newcastle-cup-presented-by-corona,round_10_heat_10,2,Michel Bourez,10.50
2021/mct/3857/rip-curl-newcastle-cup-presented-by-corona,round_10_heat_10,2,Griffin Colapinto,11.43
2021/mct/3857/rip-curl-newcastle-cup-presented-by-corona,round_10_heat_11,2,Kanoa Igarashi,10.83
2021/mct/3857/rip-curl-newcastle-cup-presented-by-corona,round_10_heat_11,2,Ethan Ewing,8.50
2021/mct/3857/rip-curl-newcastle-cup-presented-by-corona,round_10_heat_12,2,Caio Ibelli,8.74
2021/mct/3857/rip-curl-newcastle-cup-presented-by-corona,round_10_heat_12,2,Deivid Silva,10.50
2021/mct/3857/rip-curl-newcastle-cup-presented-by-corona,round_10_heat_13,2,Jordy Smith,11.50
2021/mct/3857/rip-curl-newcastle-cup-presented-by-corona,round_10_heat_13,2,Alex Ribeiro,10.40
2021/mct/3857/rip-curl-newcastle-cup-presented-by-corona,round_10_heat_14,2,Peterson Crisanto,11.37
2021/mct/3857/rip-curl-newcastle-cup-presented-by-corona,round_10_heat_14,2,Conner Coffin,11.84
2021/mct/3857/rip-curl-newcastle-cup-presented-by-corona,round_10_heat_15,2,Jack Freestone,10.83
2021/mct/3857/rip-curl-newcastle-cup-presented-by-corona,round_10_heat_15,2,Yago Dora,12.84
2021/mct/3857/rip-curl-newcastle-cup-presented-by-corona,round_10_heat_16,2,Filipe Toledo,16.23
2021/mct/3857/rip-curl-newcastle-cup-presented-by-corona,round_10_heat_16,2,Leonardo Fioravanti,12.56
2021/mct/3857/rip-curl-newcastle-cup-presented-by-corona,round_11_heat_1,2,Gabriel Medina,12.93
2021/mct/3857/rip-curl-newcastle-cup-presented-by-corona,round_11_heat_1,2,Frederico Morais,8.33
2021/mct/3857/rip-curl-newcastle-cup-presented-by-corona,round_11_heat_2,2,Adriano de Souza,8.40
2021/mct/3857/rip-curl-newcastle-cup-presented-by-corona,round_11_heat_2,2,Julian Wilson,7.10
2021/mct/3857/rip-curl-newcastle-cup-presented-by-corona,round_11_heat_3,2,Morgan Cibilic,16.00
2021/mct/3857/rip-curl-newcastle-cup-presented-by-corona,round_11_heat_3,2,Wade Carmichael,10.33
2021/mct/3857/rip-curl-newcastle-cup-presented-by-corona,round_11_heat_4,2,Ryan Callinan,13.87
2021/mct/3857/rip-curl-newcastle-cup-presented-by-corona,round_11_heat_4,2,Owen Wright,12.07
2021/mct/3857/rip-curl-newcastle-cup-presented-by-corona,round_11_heat_5,2,Italo Ferreira,16.93
2021/mct/3857/rip-curl-newcastle-cup-presented-by-corona,round_11_heat_5,2,Griffin Colapinto,9.83
2021/mct/3857/rip-curl-newcastle-cup-presented-by-corona,round_11_heat_6,2,Kanoa Igarashi,11.80
2021/mct/3857/rip-curl-newcastle-cup-presented-by-corona,round_11_heat_6,2,Deivid Silva,11.93
2021/mct/3857/rip-curl-newcastle-cup-presented-by-corona,round_11_heat_7,2,Jordy Smith,12.34
2021/mct/3857/rip-curl-newcastle-cup-presented-by-corona,round_11_heat_7,2,Conner Coffin,12.73
2021/mct/3857/rip-curl-newcastle-cup-presented-by-corona,round_11_heat_8,2,Yago Dora,9.14
2021/mct/3857/rip-curl-newcastle-cup-presented-by-corona,round_11_heat_8,2,Filipe Toledo,13.07
2021/mct/3857/rip-curl-newcastle-cup-presented-by-corona,round_12_heat_1,2,Gabriel Medina,10.27
2021/mct/3857/rip-curl-newcastle-cup-presented-by-corona,round_12_heat_1,2,Adriano de Souza,10.07
2021/mct/3857/rip-curl-newcastle-cup-presented-by-corona,round_12_heat_2,2,Morgan Cibilic,10.37
2021/mct/3857/rip-curl-newcastle-cup-presented-by-corona,round_12_heat_2,2,Ryan Callinan,10.37
2021/mct/3857/rip-curl-newcastle-cup-presented-by-corona,round_12_heat_3,2,Italo Ferreira,12.67
2021/mct/3857/rip-curl-newcastle-cup-presented-by-corona,round_12_heat_3,2,Deivid Silva,12.40
2021/mct/3857/rip-curl-newcastle-cup-presented-by-corona,round_12_heat_4,2,Conner Coffin,13.04
2021/mct/3857/rip-curl-newcastle-cup-presented-by-corona,round_12_heat_4,2,Filipe Toledo,13.83
2021/mct/3857/rip-curl-newcastle-cup-presented-by-corona,round_13_heat_1,2,Gabriel Medina,15.77
2021/mct/3857/rip-curl-newcastle-cup-presented-by-corona,round_13_heat_1,2,Morgan Cibilic,14.07
2021/mct/3857/rip-curl-newcastle-cup-presented-by-corona,round_13_heat_2,2,Italo Ferreira,16.10
2021/mct/3857/rip-curl-newcastle-cup-presented-by-corona,round_13_heat_2,2,Filipe Toledo,11.57
2021/mct/3857/rip-curl-newcastle-cup-presented-by-corona,round_14_heat_1,2,Gabriel Medina,13.27
2021/mct/3857/rip-curl-newcastle-cup-presented-by-corona,round_14_heat_1,2,Italo Ferreira,14.94
2021/mct/3860/rip-curl-narrabeen-classic-presented-by-corona,round_15_heat_1,3,Kanoa Igarashi,9.97
2021/mct/3860/rip-curl-narrabeen-classic-presented-by-corona,round_15_heat_1,3,Yago Dora,10.73
2021/mct/3860/rip-curl-narrabeen-classic-presented-by-corona,round_15_heat_1,3,Connor O'Leary,9.60
2021/mct/3860/rip-curl-narrabeen-classic-presented-by-corona,round_15_heat_2,3,John John Florence,9.37
2021/mct/3860/rip-curl-narrabeen-classic-presented-by-corona,round_15_heat_2,3,Frederico Morais,10.93
2021/mct/3860/rip-curl-narrabeen-classic-presented-by-corona,round_15_heat_2,3,Alex Ribeiro,7.30
2021/mct/3860/rip-curl-narrabeen-classic-presented-by-corona,round_15_heat_3,3,Filipe Toledo,13.34
2021/mct/3860/rip-curl-narrabeen-classic-presented-by-corona,round_15_heat_3,3,Adriano de Souza,7.47
2021/mct/3860/rip-curl-narrabeen-classic-presented-by-corona,round_15_heat_3,3,Mikey Wright,5.80
2021/mct/3860/rip-curl-narrabeen-classic-presented-by-corona,round_15_heat_4,3,Jordy Smith,8.43
2021/mct/3860/rip-curl-narrabeen-classic-presented-by-corona,round_15_heat_4,3,Adrian Buchan,8.10
2021/mct/3860/rip-curl-narrabeen-classic-presented-by-corona,round_15_heat_4,3,Reef Heazlewood,8.94
2021/mct/3860/rip-curl-narrabeen-classic-presented-by-corona,round_15_heat_5,3,Gabriel Medina,11.67
2021/mct/3860/rip-curl-narrabeen-classic-presented-by-corona,round_15_heat_5,3,Jadson Andre,9.96
2021/mct/3860/rip-curl-narrabeen-classic-presented-by-corona,round_15_heat_5,3,Dylan Moffat,9.73
2021/mct/3860/rip-curl-narrabeen-classic-presented-by-corona,round_15_heat_6,3,Italo Ferreira,14.16
2021/mct/3860/rip-curl-narrabeen-classic-presented-by-corona,round_15_heat_6,3,Morgan Cibilic,10.33
2021/mct/3860/rip-curl-narrabeen-classic-presented-by-corona,round_15_heat_6,3,Mick Fanning,5.60
2021/mct/3860/rip-curl-narrabeen-classic-presented-by-corona,round_15_heat_7,3,Jeremy Flores,6.14
2021/mct/3860/rip-curl-narrabeen-classic-presented-by-corona,round_15_heat_7,3,Peterson Crisanto,6.17
2021/mct/3860/rip-curl-narrabeen-classic-presented-by-corona,round_15_heat_7,3,Ethan Ewing,9.80
2021/mct/3860/rip-curl-narrabeen-classic-presented-by-corona,round_15_heat_8,3,Ryan Callinan,11.67
2021/mct/3860/rip-curl-narrabeen-classic-presented-by-corona,round_15_heat_8,3,Michel Bourez,9.37
2021/mct/3860/rip-curl-narrabeen-classic-presented-by-corona,round_15_heat_8,3,Leonardo Fioravanti,8.23
2021/mct/3860/rip-curl-narrabeen-classic-presented-by-corona,round_15_heat_9,3,Owen Wright,10.17
2021/mct/3860/rip-curl-narrabeen-classic-presented-by-corona,round_15_heat_9,3,Seth Moniz,9.00
2021/mct/3860/rip-curl-narrabeen-classic-presented-by-corona,round_15_heat_9,3,Matthew McGillivray,7.87
2021/mct/3860/rip-curl-narrabeen-classic-presented-by-corona,round_15_heat_10,3,Julian Wilson,7.20
2021/mct/3860/rip-curl-narrabeen-classic-presented-by-corona,round_15_heat_10,3,Conner Coffin,6.96
2021/mct/3860/rip-curl-narrabeen-classic-presented-by-corona,round_15_heat_10,3,Miguel Pupo,10.84
2021/mct/3860/rip-curl-narrabeen-classic-presented-by-corona,round_15_heat_11,3,Jack Freestone,8.30
2021/mct/3860/rip-curl-narrabeen-classic-presented-by-corona,round_15_heat_11,3,Wade Carmichael,9.60
2021/mct/3860/rip-curl-narrabeen-classic-presented-by-corona,round_15_heat_11,3,Deivid Silva,10.03
2021/mct/3860/rip-curl-narrabeen-classic-presented-by-corona,round_15_heat_12,3,Griffin Colapinto,12.44
2021/mct/3860/rip-curl-narrabeen-classic-presented-by-corona,round_15_heat_12,3,Caio Ibelli,5.44
2021/mct/3860/rip-curl-narrabeen-classic-presented-by-corona,round_15_heat_12,3,Jack Robinson,12.56
2021/mct/3860/rip-curl-narrabeen-classic-presented-by-corona,round_16_heat_1,3,Jeremy Flores,10.84
2021/mct/3860/rip-curl-narrabeen-classic-presented-by-corona,round_16_heat_1,3,Connor O'Leary,4.60
2021/mct/3860/rip-curl-narrabeen-classic-presented-by-corona,round_16_heat_1,3,Mick Fanning,10.27
2021/mct/3860/rip-curl-narrabeen-classic-presented-by-corona,round_16_heat_2,3,Jack Freestone,12.24
2021/mct/3860/rip-curl-narrabeen-classic-presented-by-corona,round_16_heat_2,3,Leonardo Fioravanti,9.57
2021/mct/3860/rip-curl-narrabeen-classic-presented-by-corona,round_16_heat_2,3,Dylan Moffat,11.90
2021/mct/3860/rip-curl-narrabeen-classic-presented-by-corona,round_16_heat_3,3,Caio Ibelli,9.97
2021/mct/3860/rip-curl-narrabeen-classic-presented-by-corona,round_16_heat_3,3,Matthew McGillivray,7.70
2021/mct/3860/rip-curl-narrabeen-classic-presented-by-corona,round_16_heat_3,3,Mikey Wright,9.94
2021/mct/3860/rip-curl-narrabeen-classic-presented-by-corona,round_16_heat_4,3,Conner Coffin,8.60
2021/mct/3860/rip-curl-narrabeen-classic-presented-by-corona,round_16_heat_4,3,Adrian Buchan,5.20
2021/mct/3860/rip-curl-narrabeen-classic-presented-by-corona,round_16_heat_4,3,Alex Ribeiro,10.66
2021/mct/3860/rip-curl-narrabeen-classic-presented-by-corona,round_17_heat_1,2,Filipe Toledo,9.63
2021/mct/3860/rip-curl-narrabeen-classic-presented-by-corona,round_17_heat_1,2,Mikey Wright,4.33
2021/mct/3860/rip-curl-narrabeen-classic-presented-by-corona,round_17_heat_2,2,Frederico Morais,9.83
2021/mct/3860/rip-curl-narrabeen-classic-presented-by-corona,round_17_heat_2,2,Michel Bourez,6.94
2021/mct/3860/rip-curl-narrabeen-classic-presented-by-corona,round_17_heat_3,2,Owen Wright,11.83
2021/mct/3860/rip-curl-narrabeen-classic-presented-by-corona,round_17_heat_3,2,Ethan Ewing,13.10
2021/mct/3860/rip-curl-narrabeen-classic-presented-by-corona,round_17_heat_4,2,Jack Freestone,10.07
2021/mct/3860/rip-curl-narrabeen-classic-presented-by-corona,round_17_heat_4,2,Jadson Andre,11.66
2021/mct/3860/rip-curl-narrabeen-classic-presented-by-corona,round_17_heat_5,2,Gabriel Medina,11.17
2021/mct/3860/rip-curl-narrabeen-classic-presented-by-corona,round_17_heat_5,2,Dylan Moffat,8.57
2021/mct/3860/rip-curl-narrabeen-classic-presented-by-corona,round_17_heat_6,2,Caio Ibelli,11.17
2021/mct/3860/rip-curl-narrabeen-classic-presented-by-corona,round_17_heat_6,2,Seth Moniz,9.60
2021/mct/3860/rip-curl-narrabeen-classic-presented-by-corona,round_17_heat_7,2,John John Florence,11.10
2021/mct/3860/rip-curl-narrabeen-classic-presented-by-corona,round_17_heat_7,2,Miguel Pupo,9.56
2021/mct/3860/rip-curl-narrabeen-classic-presented-by-corona,round_17_heat_8,2,Julian Wilson,7.43
2021/mct/3860/rip-curl-narrabeen-classic-presented-by-corona,round_17_heat_8,2,Morgan Cibilic,10.67
2021/mct/3860/rip-curl-narrabeen-classic-presented-by-corona,round_17_heat_9,2,Italo Ferreira,13.00
2021/mct/3860/rip-curl-narrabeen-classic-presented-by-corona,round_17_heat_9,2,Mick Fanning,9.33
2021/mct/3860/rip-curl-narrabeen-classic-presented-by-corona,round_17_heat_10,2,Wade Carmichael,9.43
2021/mct/3860/rip-curl-narrabeen-classic-presented-by-corona,round_17_heat_10,2,Conner Coffin,9.60
2021/mct/3860/rip-curl-narrabeen-classic-presented-by-corona,round_17_heat_11,2,Jeremy Flores,9.34
2021/mct/3860/rip-curl-narrabeen-classic-presented-by-corona,round_17_heat_11,2,Jack Robinson,9.93
2021/mct/3860/rip-curl-narrabeen-classic-presented-by-corona,round_17_heat_12,2,Kanoa Igarashi,11.46
2021/mct/3860/rip-curl-narrabeen-classic-presented-by-corona,round_17_heat_12,2,Deivid Silva,11.20
2021/mct/3860/rip-curl-narrabeen-classic-presented-by-corona,round_17_heat_13,2,Jordy Smith,10.43
2021/mct/3860/rip-curl-narrabeen-classic-presented-by-corona,round_17_heat_13,2,Alex Ribeiro,8.66
2021/mct/3860/rip-curl-narrabeen-classic-presented-by-corona,round_17_heat_14,2,Yago Dora,16.33
2021/mct/3860/rip-curl-narrabeen-classic-presented-by-corona,round_17_heat_14,2,Peterson Crisanto,6.07
2021/mct/3860/rip-curl-narrabeen-classic-presented-by-corona,round_17_heat_15,2,Griffin Colapinto,13.57
2021/mct/3860/rip-curl-narrabeen-classic-presented-by-corona,round_17_heat_15,2,Adriano de Souza,11.43
2021/mct/3860/rip-curl-narrabeen-classic-presented-by-corona,round_17_heat_16,2,Ryan Callinan,7.00
2021/mct/3860/rip-curl-narrabeen-classic-presented-by-corona,round_17_heat_16,2,Reef Heazlewood,12.50
2021/mct/3860/rip-curl-narrabeen-classic-presented-by-corona,round_18_heat_1,2,Filipe Toledo,10.93
2021/mct/3860/rip-curl-narrabeen-classic-presented-by-corona,round_18_heat_1,2,Frederico Morais,11.60
2021/mct/3860/rip-curl-narrabeen-classic-presented-by-corona,round_18_heat_2,2,Ethan Ewing,10.97
2021/mct/3860/rip-curl-narrabeen-classic-presented-by-corona,round_18_heat_2,2,Jadson Andre,9.70
2021/mct/3860/rip-curl-narrabeen-classic-presented-by-corona,round_18_heat_3,2,Gabriel Medina,14.00
2021/mct/3860/rip-curl-narrabeen-classic-presented-by-corona,round_18_heat_3,2,Caio Ibelli,4.93
2021/mct/3860/rip-curl-narrabeen-classic-presented-by-corona,round_18_heat_4,2,John John Florence,11.77
2021/mct/3860/rip-curl-narrabeen-classic-presented-by-corona,round_18_heat_4,2,Morgan Cibilic,15.70
2021/mct/3860/rip-curl-narrabeen-classic-presented-by-corona,round_18_heat_5,2,Italo Ferreira,10.67
2021/mct/3860/rip-curl-narrabeen-classic-presented-by-corona,round_18_heat_5,2,Conner Coffin,11.47
2021/mct/3860/rip-curl-narrabeen-classic-presented-by-corona,round_18_heat_6,2,Jack Robinson,9.60
2021/mct/3860/rip-curl-narrabeen-classic-presented-by-corona,round_18_heat_6,2,Kanoa Igarashi,10.60
2021/mct/3860/rip-curl-narrabeen-classic-presented-by-corona,round_18_heat_7,2,Jordy Smith,7.80
2021/mct/3860/rip-curl-narrabeen-classic-presented-by-corona,round_18_heat_7,2,Yago Dora,11.43
2021/mct/3860/rip-curl-narrabeen-classic-presented-by-corona,round_18_heat_8,2,Griffin Colapinto,12.27
2021/mct/3860/rip-curl-narrabeen-classic-presented-by-corona,round_18_heat_8,2,Reef Heazlewood,11.33
2021/mct/3860/rip-curl-narrabeen-classic-presented-by-corona,round_19_heat_1,2,Frederico Morais,13.84
2021/mct/3860/rip-curl-narrabeen-classic-presented-by-corona,round_19_heat_1,2,Ethan Ewing,11.83
2021/mct/3860/rip-curl-narrabeen-classic-presented-by-corona,round_19_heat_2,2,Gabriel Medina,15.97
2021/mct/3860/rip-curl-narrabeen-classic-presented-by-corona,round_19_heat_2,2,Morgan Cibilic,12.67
2021/mct/3860/rip-curl-narrabeen-classic-presented-by-corona,round_19_heat_3,2,Conner Coffin,11.06
2021/mct/3860/rip-curl-narrabeen-classic-presented-by-corona,round_19_heat_3,2,Kanoa Igarashi,0.80
2021/mct/3860/rip-curl-narrabeen-classic-presented-by-corona,round_19_heat_4,2,Yago Dora,12.00
2021/mct/3860/rip-curl-narrabeen-classic-presented-by-corona,round_19_heat_4,2,Griffin Colapinto,12.50
2021/mct/3860/rip-curl-narrabeen-classic-presented-by-corona,round_20_heat_1,2,Frederico Morais,10.70
2021/mct/3860/rip-curl-narrabeen-classic-presented-by-corona,round_20_heat_1,2,Gabriel Medina,12.50
2021/mct/3860/rip-curl-narrabeen-classic-presented-by-corona,round_20_heat_2,2,Conner Coffin,13.83
2021/mct/3860/rip-curl-narrabeen-classic-presented-by-corona,round_20_heat_2,2,Griffin Colapinto,11.03
2021/mct/3860/rip-curl-narrabeen-classic-presented-by-corona,round_21_heat_1,2,Gabriel Medina,18.77
2021/mct/3860/rip-curl-narrabeen-classic-presented-by-corona,round_21_heat_1,2,Conner Coffin,14.10
2021/mct/3624/boost-mobile-margaret-river-pro-presented-by-corona,round_22_heat_1,3,Kanoa Igarashi,10.83
2021/mct/3624/boost-mobile-margaret-river-pro-presented-by-corona,round_22_heat_1,3,Seth Moniz,11.43
2021/mct/3624/boost-mobile-margaret-river-pro-presented-by-corona,round_22_heat_1,3,Alex Ribeiro,6.00
2021/mct/3624/boost-mobile-margaret-river-pro-presented-by-corona,round_22_heat_2,3,Filipe Toledo,11.50
2021/mct/3624/boost-mobile-margaret-river-pro-presented-by-corona,round_22_heat_2,3,Peterson Crisanto,10.10
2021/mct/3624/boost-mobile-margaret-river-pro-presented-by-corona,round_22_heat_2,3,Connor O'Leary,8.36
2021/mct/3624/boost-mobile-margaret-river-pro-presented-by-corona,round_22_heat_3,3,John John Florence,17.50
2021/mct/3624/boost-mobile-margaret-river-pro-presented-by-corona,round_22_heat_3,3,Michel Bourez,12.00
2021/mct/3624/boost-mobile-margaret-river-pro-presented-by-corona,round_22_heat_3,3,Mikey Wright,7.50
2021/mct/3624/boost-mobile-margaret-river-pro-presented-by-corona,round_22_heat_4,3,Jordy Smith,11.27
2021/mct/3624/boost-mobile-margaret-river-pro-presented-by-corona,round_22_heat_4,3,Jadson Andre,7.83
2021/mct/3624/boost-mobile-margaret-river-pro-presented-by-corona,round_22_heat_4,3,Reef Heazlewood,7.10
2021/mct/3624/boost-mobile-margaret-river-pro-presented-by-corona,round_22_heat_5,3,Italo Ferreira,13.76
2021/mct/3624/boost-mobile-margaret-river-pro-presented-by-corona,round_22_heat_5,3,Jack Robinson,13.43
2021/mct/3624/boost-mobile-margaret-river-pro-presented-by-corona,round_22_heat_5,3,Jacob Willcox,15.30
2021/mct/3624/boost-mobile-margaret-river-pro-presented-by-corona,round_22_heat_6,3,Gabriel Medina,13.93
2021/mct/3624/boost-mobile-margaret-river-pro-presented-by-corona,round_22_heat_6,3,Adriano de Souza,10.07
2021/mct/3624/boost-mobile-margaret-river-pro-presented-by-corona,round_22_heat_6,3,Cyrus Cox,7.17
2021/mct/3624/boost-mobile-margaret-river-pro-presented-by-corona,round_22_heat_7,3,Conner Coffin,6.76
2021/mct/3624/boost-mobile-margaret-river-pro-presented-by-corona,round_22_heat_7,3,Wade Carmichael,9.60
2021/mct/3624/boost-mobile-margaret-river-pro-presented-by-corona,round_22_heat_7,3,Matthew McGillivray,17.33
2021/mct/3624/boost-mobile-margaret-river-pro-presented-by-corona,round_22_heat_8,3,Griffin Colapinto,13.94
2021/mct/3624/boost-mobile-margaret-river-pro-presented-by-corona,round_22_heat_8,3,Jack Freestone,11.84
2021/mct/3624/boost-mobile-margaret-river-pro-presented-by-corona,round_22_heat_8,3,Leonardo Fioravanti,12.06
2021/mct/3624/boost-mobile-margaret-river-pro-presented-by-corona,round_22_heat_9,3,Ryan Callinan,14.46
2021/mct/3624/boost-mobile-margaret-river-pro-presented-by-corona,round_22_heat_9,3,Morgan Cibilic,4.93
2021/mct/3624/boost-mobile-margaret-river-pro-presented-by-corona,round_22_heat_9,3,Adrian Buchan,7.57
2021/mct/3624/boost-mobile-margaret-river-pro-presented-by-corona,round_22_heat_10,3,Frederico Morais,7.93
2021/mct/3624/boost-mobile-margaret-river-pro-presented-by-corona,round_22_heat_10,3,Julian Wilson,13.07
2021/mct/3624/boost-mobile-margaret-river-pro-presented-by-corona,round_22_heat_10,3,Miguel Pupo,11.60
2021/mct/3624/boost-mobile-margaret-river-pro-presented-by-corona,round_22_heat_11,3,Jeremy Flores,11.77
2021/mct/3624/boost-mobile-margaret-river-pro-presented-by-corona,round_22_heat_11,3,Owen Wright,15.00
2021/mct/3624/boost-mobile-margaret-river-pro-presented-by-corona,round_22_heat_11,3,Deivid Silva,10.00
2021/mct/3624/boost-mobile-margaret-river-pro-presented-by-corona,round_22_heat_12,3,Yago Dora,11.50
2021/mct/3624/boost-mobile-margaret-river-pro-presented-by-corona,round_22_heat_12,3,Caio Ibelli,13.30
2021/mct/3624/boost-mobile-margaret-river-pro-presented-by-corona,round_22_heat_12,3,Ethan Ewing,12.63
2021/mct/3624/boost-mobile-margaret-river-pro-presented-by-corona,round_23_heat_1,3,Conner Coffin,14.00
2021/mct/3624/boost-mobile-margaret-river-pro-presented-by-corona,round_23_heat_1,3,Alex Ribeiro,9.94
2021/mct/3624/boost-mobile-margaret-river-pro-presented-by-corona,round_23_heat_1,3,Cyrus Cox,6.87
2021/mct/3624/boost-mobile-margaret-river-pro-presented-by-corona,round_23_heat_2,3,Frederico Morais,12.43
2021/mct/3624/boost-mobile-margaret-river-pro-presented-by-corona,round_23_heat_2,3,Deivid Silva,13.03
2021/mct/3624/boost-mobile-margaret-river-pro-presented-by-corona,round_23_heat_2,3,Reef Heazlewood,10.77
2021/mct/3624/boost-mobile-margaret-river-pro-presented-by-corona,round_23_heat_3,3,Yago Dora,13.00
2021/mct/3624/boost-mobile-margaret-river-pro-presented-by-corona,round_23_heat_3,3,Jack Robinson,14.17
2021/mct/3624/boost-mobile-margaret-river-pro-presented-by-corona,round_23_heat_3,3,Mikey Wright,12.06
2021/mct/3624/boost-mobile-margaret-river-pro-presented-by-corona,round_23_heat_4,3,Morgan Cibilic,14.74
2021/mct/3624/boost-mobile-margaret-river-pro-presented-by-corona,round_23_heat_4,3,Jack Freestone,11.16
2021/mct/3624/boost-mobile-margaret-river-pro-presented-by-corona,round_23_heat_4,3,Connor O'Leary,14.43
2021/mct/3624/boost-mobile-margaret-river-pro-presented-by-corona,round_24_heat_1,2,John John Florence,16.04
2021/mct/3624/boost-mobile-margaret-river-pro-presented-by-corona,round_24_heat_1,2,Leonardo Fioravanti,11.00
2021/mct/3624/boost-mobile-margaret-river-pro-presented-by-corona,round_24_heat_2,2,Owen Wright,12.60
2021/mct/3624/boost-mobile-margaret-river-pro-presented-by-corona,round_24_heat_2,2,Peterson Crisanto,14.76
2021/mct/3624/boost-mobile-margaret-river-pro-presented-by-corona,round_24_heat_3,2,Griffin Colapinto,15.67
2021/mct/3624/boost-mobile-margaret-river-pro-presented-by-corona,round_24_heat_3,2,Deivid Silva,10.40
2021/mct/3624/boost-mobile-margaret-river-pro-presented-by-corona,round_24_heat_4,2,Jeremy Flores,17.00
2021/mct/3624/boost-mobile-margaret-river-pro-presented-by-corona,round_24_heat_4,2,Jack Robinson,16.50
2021/mct/3624/boost-mobile-margaret-river-pro-presented-by-corona,round_24_heat_5,2,Jordy Smith,12.67
2021/mct/3624/boost-mobile-margaret-river-pro-presented-by-corona,round_24_heat_5,2,Alex Ribeiro,12.64
2021/mct/3624/boost-mobile-margaret-river-pro-presented-by-corona,round_24_heat_6,2,Julian Wilson,12.67
2021/mct/3624/boost-mobile-margaret-river-pro-presented-by-corona,round_24_heat_6,2,Wade Carmichael,10.46
2021/mct/3624/boost-mobile-margaret-river-pro-presented-by-corona,round_24_heat_7,2,Ryan Callinan,15.00
2021/mct/3624/boost-mobile-margaret-river-pro-presented-by-corona,round_24_heat_7,2,Ethan Ewing,8.80
2021/mct/3624/boost-mobile-margaret-river-pro-presented-by-corona,round_24_heat_8,2,Frederico Morais,14.50
2021/mct/3624/boost-mobile-margaret-river-pro-presented-by-corona,round_24_heat_8,2,Adriano de Souza,12.30
2021/mct/3624/boost-mobile-margaret-river-pro-presented-by-corona,round_24_heat_9,2,Gabriel Medina,14.97
2021/mct/3624/boost-mobile-margaret-river-pro-presented-by-corona,round_24_heat_9,2,Connor O'Leary,11.57
2021/mct/3624/boost-mobile-margaret-river-pro-presented-by-corona,round_24_heat_10,2,Seth Moniz,15.03
2021/mct/3624/boost-mobile-margaret-river-pro-presented-by-corona,round_24_heat_10,2,Morgan Cibilic,14.84
2021/mct/3624/boost-mobile-margaret-river-pro-presented-by-corona,round_24_heat_11,2,Conner Coffin,11.83
2021/mct/3624/boost-mobile-margaret-river-pro-presented-by-corona,round_24_heat_11,2,Matthew McGillivray,14.06
2021/mct/3624/boost-mobile-margaret-river-pro-presented-by-corona,round_24_heat_12,2,Kanoa Igarashi,14.76
2021/mct/3624/boost-mobile-margaret-river-pro-presented-by-corona,round_24_heat_12,2,Jacob Willcox,14.33
2021/mct/3624/boost-mobile-margaret-river-pro-presented-by-corona,round_24_heat_13,2,Italo Ferreira,15.57
2021/mct/3624/boost-mobile-margaret-river-pro-presented-by-corona,round_24_heat_13,2,Adrian Buchan,10.50
2021/mct/3624/boost-mobile-margaret-river-pro-presented-by-corona,round_24_heat_14,2,Caio Ibelli,17.04
2021/mct/3624/boost-mobile-margaret-river-pro-presented-by-corona,round_24_heat_14,2,Michel Bourez,13.24
2021/mct/3624/boost-mobile-margaret-river-pro-presented-by-corona,round_24_heat_15,2,Yago Dora,10.64
2021/mct/3624/boost-mobile-margaret-river-pro-presented-by-corona,round_24_heat_15,2,Jadson Andre,10.90
2021/mct/3624/boost-mobile-margaret-river-pro-presented-by-corona,round_24_heat_16,2,Filipe Toledo,15.50
2021/mct/3624/boost-mobile-margaret-river-pro-presented-by-corona,round_24_heat_16,2,Miguel Pupo,11.33
2021/mct/3624/boost-mobile-margaret-river-pro-presented-by-corona,round_25_heat_1,2,John John Florence,13.50
2021/mct/3624/boost-mobile-margaret-river-pro-presented-by-corona,round_25_heat_1,2,Peterson Crisanto,8.97
2021/mct/3624/boost-mobile-margaret-river-pro-presented-by-corona,round_25_heat_2,2,Griffin Colapinto,14.66
2021/mct/3624/boost-mobile-margaret-river-pro-presented-by-corona,round_25_heat_2,2,Jeremy Flores,8.33
2021/mct/3624/boost-mobile-margaret-river-pro-presented-by-corona,round_25_heat_3,2,Jordy Smith,10.10
2021/mct/3624/boost-mobile-margaret-river-pro-presented-by-corona,round_25_heat_3,2,Julian Wilson,9.23
2021/mct/3624/boost-mobile-margaret-river-pro-presented-by-corona,round_25_heat_4,2,Ryan Callinan,14.86
2021/mct/3624/boost-mobile-margaret-river-pro-presented-by-corona,round_25_heat_4,2,Frederico Morais,10.36
2021/mct/3624/boost-mobile-margaret-river-pro-presented-by-corona,round_25_heat_5,2,Gabriel Medina,9.53
2021/mct/3624/boost-mobile-margaret-river-pro-presented-by-corona,round_25_heat_5,2,Seth Moniz,9.84
2021/mct/3624/boost-mobile-margaret-river-pro-presented-by-corona,round_25_heat_6,2,Matthew McGillivray,12.77
2021/mct/3624/boost-mobile-margaret-river-pro-presented-by-corona,round_25_heat_6,2,Kanoa Igarashi,11.08
2021/mct/3624/boost-mobile-margaret-river-pro-presented-by-corona,round_25_heat_7,2,Italo Ferreira,16.57
2021/mct/3624/boost-mobile-margaret-river-pro-presented-by-corona,round_25_heat_7,2,Caio Ibelli,10.83
2021/mct/3624/boost-mobile-margaret-river-pro-presented-by-corona,round_25_heat_8,2,Jadson Andre,9.47
2021/mct/3624/boost-mobile-margaret-river-pro-presented-by-corona,round_25_heat_8,2,Filipe Toledo,11.83
2021/mct/3624/boost-mobile-margaret-river-pro-presented-by-corona,round_26_heat_1,2,John John Florence,–
2021/mct/3624/boost-mobile-margaret-river-pro-presented-by-corona,round_26_heat_1,2,Griffin Colapinto,–
2021/mct/3624/boost-mobile-margaret-river-pro-presented-by-corona,round_26_heat_2,2,Jordy Smith,11.00
2021/mct/3624/boost-mobile-margaret-river-pro-presented-by-corona,round_26_heat_2,2,Ryan Callinan,10.90
2021/mct/3624/boost-mobile-margaret-river-pro-presented-by-corona,round_26_heat_3,2,Seth Moniz,9.73
2021/mct/3624/boost-mobile-margaret-river-pro-presented-by-corona,round_26_heat_3,2,Matthew McGillivray,15.43
2021/mct/3624/boost-mobile-margaret-river-pro-presented-by-corona,round_26_heat_4,2,Italo Ferreira,13.73
2021/mct/3624/boost-mobile-margaret-river-pro-presented-by-corona,round_26_heat_4,2,Filipe Toledo,13.90
2021/mct/3624/boost-mobile-margaret-river-pro-presented-by-corona,round_27_heat_1,2,Griffin Colapinto,15.16
2021/mct/3624/boost-mobile-margaret-river-pro-presented-by-corona,round_27_heat_1,2,Jordy Smith,15.33
2021/mct/3624/boost-mobile-margaret-river-pro-presented-by-corona,round_27_heat_2,2,Matthew McGillivray,13.74
2021/mct/3624/boost-mobile-margaret-river-pro-presented-by-corona,round_27_heat_2,2,Filipe Toledo,15.16
2021/mct/3624/boost-mobile-margaret-river-pro-presented-by-corona,round_28_heat_1,2,Jordy Smith,14.23
2021/mct/3624/boost-mobile-margaret-river-pro-presented-by-corona,round_28_heat_1,2,Filipe Toledo,17.40
2021/mct/3862/rip-curl-rottnest-search-presented-by-corona,round_29_heat_1,3,Griffin Colapinto,5.60
2021/mct/3862/rip-curl-rottnest-search-presented-by-corona,round_29_heat_1,3,Owen Wright,10.00
2021/mct/3862/rip-curl-rottnest-search-presented-by-corona,round_29_heat_1,3,Mikey Wright,10.97
2021/mct/3862/rip-curl-rottnest-search-presented-by-corona,round_29_heat_2,3,Kanoa Igarashi,12.77
2021/mct/3862/rip-curl-rottnest-search-presented-by-corona,round_29_heat_2,3,Jack Robinson,11.20
2021/mct/3862/rip-curl-rottnest-search-presented-by-corona,round_29_heat_2,3,Jacob Willcox,10.76
2021/mct/3862/rip-curl-rottnest-search-presented-by-corona,round_29_heat_3,3,Jordy Smith,13.93
2021/mct/3862/rip-curl-rottnest-search-presented-by-corona,round_29_heat_3,3,Wade Carmichael,9.40
2021/mct/3862/rip-curl-rottnest-search-presented-by-corona,round_29_heat_3,3,Stuart Kennedy,8.13
2021/mct/3862/rip-curl-rottnest-search-presented-by-corona,round_29_heat_4,3,Filipe Toledo,12.60
2021/mct/3862/rip-curl-rottnest-search-presented-by-corona,round_29_heat_4,3,Ethan Ewing,6.70
2021/mct/3862/rip-curl-rottnest-search-presented-by-corona,round_29_heat_4,3,Liam O'Brien,5.30
2021/mct/3862/rip-curl-rottnest-search-presented-by-corona,round_29_heat_5,3,Italo Ferreira,5.83
2021/mct/3862/rip-curl-rottnest-search-presented-by-corona,round_29_heat_5,3,Adriano de Souza,6.50
2021/mct/3862/rip-curl-rottnest-search-presented-by-corona,round_29_heat_5,3,Taj Burrow,0.70
2021/mct/3862/rip-curl-rottnest-search-presented-by-corona,round_29_heat_6,3,Gabriel Medina,17.00
2021/mct/3862/rip-curl-rottnest-search-presented-by-corona,round_29_heat_6,3,Jack Freestone,5.96
2021/mct/3862/rip-curl-rottnest-search-presented-by-corona,round_29_heat_6,3,Kael Walsh,9.00
2021/mct/3862/rip-curl-rottnest-search-presented-by-corona,round_29_heat_7,3,Ryan Callinan,15.20
2021/mct/3862/rip-curl-rottnest-search-presented-by-corona,round_29_heat_7,3,Matthew McGillivray,10.94
2021/mct/3862/rip-curl-rottnest-search-presented-by-corona,round_29_heat_7,3,Connor O'Leary,15.03
2021/mct/3862/rip-curl-rottnest-search-presented-by-corona,round_29_heat_8,3,Conner Coffin,13.43
2021/mct/3862/rip-curl-rottnest-search-presented-by-corona,round_29_heat_8,3,Peterson Crisanto,11.50
2021/mct/3862/rip-curl-rottnest-search-presented-by-corona,round_29_heat_8,3,Alex Ribeiro,13.57
2021/mct/3862/rip-curl-rottnest-search-presented-by-corona,round_29_heat_9,3,Frederico Morais,11.83
2021/mct/3862/rip-curl-rottnest-search-presented-by-corona,round_29_heat_9,3,Jadson Andre,5.03
2021/mct/3862/rip-curl-rottnest-search-presented-by-corona,round_29_heat_9,3,Leonardo Fioravanti,11.27
2021/mct/3862/rip-curl-rottnest-search-presented-by-corona,round_29_heat_10,3,Jeremy Flores,12.53
2021/mct/3862/rip-curl-rottnest-search-presented-by-corona,round_29_heat_10,3,Seth Moniz,13.66
2021/mct/3862/rip-curl-rottnest-search-presented-by-corona,round_29_heat_10,3,Miguel Pupo,13.70
2021/mct/3862/rip-curl-rottnest-search-presented-by-corona,round_29_heat_11,3,Caio Ibelli,11.57
2021/mct/3862/rip-curl-rottnest-search-presented-by-corona,round_29_heat_11,3,Yago Dora,16.16
2021/mct/3862/rip-curl-rottnest-search-presented-by-corona,round_29_heat_11,3,Michel Bourez,15.76
2021/mct/3862/rip-curl-rottnest-search-presented-by-corona,round_29_heat_12,3,Morgan Cibilic,6.06
2021/mct/3862/rip-curl-rottnest-search-presented-by-corona,round_29_heat_12,3,Julian Wilson,11.20
2021/mct/3862/rip-curl-rottnest-search-presented-by-corona,round_29_heat_12,3,Deivid Silva,12.50
2021/mct/3862/rip-curl-rottnest-search-presented-by-corona,round_30_heat_1,3,Griffin Colapinto,12.50
2021/mct/3862/rip-curl-rottnest-search-presented-by-corona,round_30_heat_1,3,Jack Freestone,11.16
2021/mct/3862/rip-curl-rottnest-search-presented-by-corona,round_30_heat_1,3,Taj Burrow,9.60
2021/mct/3862/rip-curl-rottnest-search-presented-by-corona,round_30_heat_2,3,Jeremy Flores,9.10
2021/mct/3862/rip-curl-rottnest-search-presented-by-corona,round_30_heat_2,3,Matthew McGillivray,12.23
2021/mct/3862/rip-curl-rottnest-search-presented-by-corona,round_30_heat_2,3,Liam O'Brien,10.90
2021/mct/3862/rip-curl-rottnest-search-presented-by-corona,round_30_heat_3,3,Caio Ibelli,9.63
2021/mct/3862/rip-curl-rottnest-search-presented-by-corona,round_30_heat_3,3,Peterson Crisanto,5.90
2021/mct/3862/rip-curl-rottnest-search-presented-by-corona,round_30_heat_3,3,Stuart Kennedy,9.16
2021/mct/3862/rip-curl-rottnest-search-presented-by-corona,round_30_heat_4,3,Morgan Cibilic,8.90
2021/mct/3862/rip-curl-rottnest-search-presented-by-corona,round_30_heat_4,3,Jadson Andre,7.10
2021/mct/3862/rip-curl-rottnest-search-presented-by-corona,round_30_heat_4,3,Jacob Willcox,13.50
2021/mct/3862/rip-curl-rottnest-search-presented-by-corona,round_31_heat_1,2,Jordy Smith,14.17
2021/mct/3862/rip-curl-rottnest-search-presented-by-corona,round_31_heat_1,2,Stuart Kennedy,10.40
2021/mct/3862/rip-curl-rottnest-search-presented-by-corona,round_31_heat_2,2,Julian Wilson,14.10
2021/mct/3862/rip-curl-rottnest-search-presented-by-corona,round_31_heat_2,2,Wade Carmichael,12.07
2021/mct/3862/rip-curl-rottnest-search-presented-by-corona,round_31_heat_3,2,Ryan Callinan,13.67
2021/mct/3862/rip-curl-rottnest-search-presented-by-corona,round_31_heat_3,2,Leonardo Fioravanti,14.13
2021/mct/3862/rip-curl-rottnest-search-presented-by-corona,round_31_heat_4,2,Morgan Cibilic,12.57
2021/mct/3862/rip-curl-rottnest-search-presented-by-corona,round_31_heat_4,2,Deivid Silva,12.17
2021/mct/3862/rip-curl-rottnest-search-presented-by-corona,round_31_heat_5,2,Filipe Toledo,12.50
2021/mct/3862/rip-curl-rottnest-search-presented-by-corona,round_31_heat_5,2,Liam O'Brien,13.66
2021/mct/3862/rip-curl-rottnest-search-presented-by-corona,round_31_heat_6,2,Seth Moniz,12.33
2021/mct/3862/rip-curl-rottnest-search-presented-by-corona,round_31_heat_6,2,Jack Robinson,9.53
2021/mct/3862/rip-curl-rottnest-search-presented-by-corona,round_31_heat_7,2,Frederico Morais,7.50
2021/mct/3862/rip-curl-rottnest-search-presented-by-corona,round_31_heat_7,2,Michel Bourez,12.84
2021/mct/3862/rip-curl-rottnest-search-presented-by-corona,round_31_heat_8,2,Caio Ibelli,6.34
2021/mct/3862/rip-curl-rottnest-search-presented-by-corona,round_31_heat_8,2,Miguel Pupo,14.66
2021/mct/3862/rip-curl-rottnest-search-presented-by-corona,round_31_heat_9,2,Gabriel Medina,10.80
2021/mct/3862/rip-curl-rottnest-search-presented-by-corona,round_31_heat_9,2,Kael Walsh,8.20
2021/mct/3862/rip-curl-rottnest-search-presented-by-corona,round_31_heat_10,2,Matthew McGillivray,9.00
2021/mct/3862/rip-curl-rottnest-search-presented-by-corona,round_31_heat_10,2,Owen Wright,13.70
2021/mct/3862/rip-curl-rottnest-search-presented-by-corona,round_31_heat_11,2,Conner Coffin,11.10
2021/mct/3862/rip-curl-rottnest-search-presented-by-corona,round_31_heat_11,2,Alex Ribeiro,10.70
2021/mct/3862/rip-curl-rottnest-search-presented-by-corona,round_31_heat_12,2,Griffin Colapinto,9.77
2021/mct/3862/rip-curl-rottnest-search-presented-by-corona,round_31_heat_12,2,Mikey Wright,10.83
2021/mct/3862/rip-curl-rottnest-search-presented-by-corona,round_31_heat_13,2,Italo Ferreira,13.20
2021/mct/3862/rip-curl-rottnest-search-presented-by-corona,round_31_heat_13,2,Jacob Willcox,9.10
2021/mct/3862/rip-curl-rottnest-search-presented-by-corona,round_31_heat_14,2,Adriano de Souza,11.26
2021/mct/3862/rip-curl-rottnest-search-presented-by-corona,round_31_heat_14,2,Ethan Ewing,8.70
2021/mct/3862/rip-curl-rottnest-search-presented-by-corona,round_31_heat_15,2,Yago Dora,13.94
2021/mct/3862/rip-curl-rottnest-search-presented-by-corona,round_31_heat_15,2,Jack Freestone,9.84
2021/mct/3862/rip-curl-rottnest-search-presented-by-corona,round_31_heat_16,2,Kanoa Igarashi,12.33
2021/mct/3862/rip-curl-rottnest-search-presented-by-corona,round_31_heat_16,2,Connor O'Leary,15.60
2021/mct/3862/rip-curl-rottnest-search-presented-by-corona,round_32_heat_1,2,Jordy Smith,11.20
2021/mct/3862/rip-curl-rottnest-search-presented-by-corona,round_32_heat_1,2,Julian Wilson,13.00
2021/mct/3862/rip-curl-rottnest-search-presented-by-corona,round_32_heat_2,2,Leonardo Fioravanti,10.77
2021/mct/3862/rip-curl-rottnest-search-presented-by-corona,round_32_heat_2,2,Morgan Cibilic,12.50
2021/mct/3862/rip-curl-rottnest-search-presented-by-corona,round_32_heat_3,2,Liam O'Brien,10.83
2021/mct/3862/rip-curl-rottnest-search-presented-by-corona,round_32_heat_3,2,Seth Moniz,8.10
2021/mct/3862/rip-curl-rottnest-search-presented-by-corona,round_32_heat_4,2,Michel Bourez,13.07
2021/mct/3862/rip-curl-rottnest-search-presented-by-corona,round_32_heat_4,2,Miguel Pupo,14.77
2021/mct/3862/rip-curl-rottnest-search-presented-by-corona,round_32_heat_5,2,Gabriel Medina,14.50
2021/mct/3862/rip-curl-rottnest-search-presented-by-corona,round_32_heat_5,2,Owen Wright,11.00
2021/mct/3862/rip-curl-rottnest-search-presented-by-corona,round_32_heat_6,2,Conner Coffin,15.23
2021/mct/3862/rip-curl-rottnest-search-presented-by-corona,round_32_heat_6,2,Mikey Wright,13.50
2021/mct/3862/rip-curl-rottnest-search-presented-by-corona,round_32_heat_7,2,Italo Ferreira,14.70
2021/mct/3862/rip-curl-rottnest-search-presented-by-corona,round_32_heat_7,2,Adriano de Souza,14.27
2021/mct/3862/rip-curl-rottnest-search-presented-by-corona,round_32_heat_8,2,Yago Dora,18.67
2021/mct/3862/rip-curl-rottnest-search-presented-by-corona,round_32_heat_8,2,Connor O'Leary,12.83
2021/mct/3862/rip-curl-rottnest-search-presented-by-corona,round_33_heat_1,2,Julian Wilson,14.16
2021/mct/3862/rip-curl-rottnest-search-presented-by-corona,round_33_heat_1,2,Morgan Cibilic,15.70
2021/mct/3862/rip-curl-rottnest-search-presented-by-corona,round_33_heat_2,2,Liam O'Brien,13.23
2021/mct/3862/rip-curl-rottnest-search-presented-by-corona,round_33_heat_2,2,Miguel Pupo,12.83
2021/mct/3862/rip-curl-rottnest-search-presented-by-corona,round_33_heat_3,2,Gabriel Medina,13.80
2021/mct/3862/rip-curl-rottnest-search-presented-by-corona,round_33_heat_3,2,Conner Coffin,13.60
2021/mct/3862/rip-curl-rottnest-search-presented-by-corona,round_33_heat_4,2,Italo Ferreira,13.94
2021/mct/3862/rip-curl-rottnest-search-presented-by-corona,round_33_heat_4,2,Yago Dora,11.97
2021/mct/3862/rip-curl-rottnest-search-presented-by-corona,round_34_heat_1,2,Morgan Cibilic,10.67
2021/mct/3862/rip-curl-rottnest-search-presented-by-corona,round_34_heat_1,2,Liam O'Brien,8.33
2021/mct/3862/rip-curl-rottnest-search-presented-by-corona,round_34_heat_2,2,Gabriel Medina,13.70
2021/mct/3862/rip-curl-rottnest-search-presented-by-corona,round_34_heat_2,2,Italo Ferreira,7.17
2021/mct/3862/rip-curl-rottnest-search-presented-by-corona,round_35_heat_1,2,Morgan Cibilic,7.87
2021/mct/3862/rip-curl-rottnest-search-presented-by-corona,round_35_heat_1,2,Gabriel Medina,15.50